<?xml version="1.0" encoding="UTF-8"?>
<platform-table>
  <platform name="MT6516_AP_S01"
		simple_name="MT6516"
		usb_download_support="false"
		dl_auto_detect_battery="false"
		nand_util_support="true"
		backup_restore_support="false"
		image_lock_support="true"
		da_dl_all_support="false"
		usb_highspeed_support="false"
		logical_addr_support="false"
		alert_no_com_port="true"
		auto_format_support="true"
		usb_dl_control_bit="true"
		default_bmt_blocks="0"
		firmware_upgrade_enable="false"
		default_do_not_switch_speed="false"
		is_default_set_format_length="true"
        is_auto_polling_enable="false"
        auto_polling_upper_limit="500"
		auto_format_all_support = "true"
		reset_key_configuration ="PH"/> 

  <platform name="MT6573_S00"
		simple_name="MT6573"
		usb_download_support="false"
		dl_auto_detect_battery="false"
		nand_util_support="false"
		backup_restore_support="true"
		image_lock_support="false"
		da_dl_all_support="true"
		usb_highspeed_support="true"
		logical_addr_support="true"
		alert_no_com_port="false"
		auto_format_support="true"
		usb_dl_control_bit="false"
		default_bmt_blocks="80"
		firmware_upgrade_enable="true"
		default_do_not_switch_speed="false"
		is_default_set_format_length="true"
        is_auto_polling_enable="false"
        auto_polling_upper_limit="500"
		auto_format_all_support = "true"
		reset_key_configuration ="PH"/> 
   
  
  <platform name="MT6573_S01"
		simple_name="MT6573"
		usb_download_support="true"
		dl_auto_detect_battery="false"
		nand_util_support="false"
		backup_restore_support="true"
		image_lock_support="false"
		da_dl_all_support="true"
		usb_highspeed_support="true"
		logical_addr_support="true"
		alert_no_com_port="false"
		auto_format_support="true"
		usb_dl_control_bit="false"
		default_bmt_blocks="80"
		firmware_upgrade_enable="true"
		default_do_not_switch_speed="false"
		is_default_set_format_length="true"
        is_auto_polling_enable="false"
        auto_polling_upper_limit="500"
		auto_format_all_support = "true"
		reset_key_configuration ="PH"/> 

  <platform name="MT6575_S00"
		simple_name="MT6575"
		usb_download_support="true"
		dl_auto_detect_battery="true"
		nand_util_support="false"
		backup_restore_support="false"
		image_lock_support="false"
		da_dl_all_support="true"
		usb_highspeed_support="true"
		logical_addr_support="true"
		alert_no_com_port="false"
		auto_format_support="true"
		usb_dl_control_bit="false"
		default_bmt_blocks="80"
		firmware_upgrade_enable="true"
		default_do_not_switch_speed="false"
		is_default_set_format_length="true"
        is_auto_polling_enable="false"
        auto_polling_upper_limit="500"
		auto_format_all_support = "true"
		reset_key_configuration ="PH"/>     

  <platform name="MT6575_S01"
		simple_name="MT6575"
		usb_download_support="true"
		dl_auto_detect_battery="true"
		nand_util_support="false"
		backup_restore_support="false"
		image_lock_support="false"
		da_dl_all_support="true"
		usb_highspeed_support="true"
		logical_addr_support="true"
		alert_no_com_port="false"
		auto_format_support="true"
		usb_dl_control_bit="false"
		default_bmt_blocks="80"
		firmware_upgrade_enable="true"
		default_do_not_switch_speed="false"
		is_default_set_format_length="true"
        is_auto_polling_enable="false"
        auto_polling_upper_limit="500"
		auto_format_all_support = "true"
		reset_key_configuration ="PH"/>      
	
  <platform name="MT6577_S00"
		simple_name="MT6577"
		usb_download_support="true"
		dl_auto_detect_battery="true"
		nand_util_support="false"
		backup_restore_support="false"
		image_lock_support="false"
		da_dl_all_support="true"
		usb_highspeed_support="true"
		logical_addr_support="true"
		alert_no_com_port="false"
		auto_format_support="true"
		usb_dl_control_bit="false"
		default_bmt_blocks="80"
		firmware_upgrade_enable="true"
		default_do_not_switch_speed="false"
		is_default_set_format_length="true"
        is_auto_polling_enable="false"
        auto_polling_upper_limit="500"
		auto_format_all_support = "true"
		reset_key_configuration ="PH"/> 

   <platform name="MT6589_S00"
		simple_name="MT6589"
		usb_download_support="true"
		dl_auto_detect_battery="true"
		nand_util_support="false"
		backup_restore_support="false"
		image_lock_support="false"
		da_dl_all_support="true"
		usb_highspeed_support="true"
		logical_addr_support="true"
		alert_no_com_port="false"
		auto_format_support="true"
		usb_dl_control_bit="false"
		default_bmt_blocks="80"
		firmware_upgrade_enable="true"
		default_do_not_switch_speed="false"
		is_default_set_format_length="true"
             is_auto_polling_enable="false"
            auto_polling_upper_limit="500"
		auto_format_all_support = "true"
		reset_key_configuration ="PH"/> 

     <platform name="MT6572_S00"
		simple_name="MT6572"
		usb_download_support="true"
		dl_auto_detect_battery="true"
		nand_util_support="false"
		backup_restore_support="false"
		image_lock_support="false"
		da_dl_all_support="true"
		usb_highspeed_support="true"
		logical_addr_support="true"
		alert_no_com_port="false"
		auto_format_support="true"
		usb_dl_control_bit="false"
		default_bmt_blocks="80"
		firmware_upgrade_enable="true"
		default_do_not_switch_speed="false"
		is_default_set_format_length="true"
        is_auto_polling_enable="false"
        auto_polling_upper_limit="500"
		auto_format_all_support = "true"
		reset_key_configuration ="PH"/> 
 
    <platform name="MT6582_S00"
		simple_name="MT6582"
		usb_download_support="true"
		dl_auto_detect_battery="true"
		nand_util_support="false"
		backup_restore_support="false"
		image_lock_support="false"
		da_dl_all_support="true"
		usb_highspeed_support="true"
		logical_addr_support="true"
		alert_no_com_port="false"
		auto_format_support="true"
		usb_dl_control_bit="false"
		default_bmt_blocks="80"
		firmware_upgrade_enable="true"
		default_do_not_switch_speed="false"
		is_default_set_format_length="true"
        is_auto_polling_enable="false"
        auto_polling_upper_limit="500"
		auto_format_all_support = "false"
		reset_key_configuration ="P"/> 
   
     <platform name="MT8135_S00"
		simple_name="MT8135"
		usb_download_support="true"
		dl_auto_detect_battery="true"
		nand_util_support="false"
		backup_restore_support="false"
		image_lock_support="false"
		da_dl_all_support="true"
		usb_highspeed_support="true"
		logical_addr_support="true"
		alert_no_com_port="false"
		auto_format_support="true"
		usb_dl_control_bit="false"
		default_bmt_blocks="80"
		firmware_upgrade_enable="true"
		default_do_not_switch_speed="false"
		is_default_set_format_length="true"
        is_auto_polling_enable="false"
        auto_polling_upper_limit="500"
		auto_format_all_support = "true"
		reset_key_configuration ="PH"/> 
		
</platform-table>
